id_transaccion,id_producto,cantidad,fecha
1,1,2.0,2024-01-01
2,9,5.0,2024-01-02
3,8,3.0,2024-01-03
4,5,4.0,2024-01-04
5,5,3.0,2024-01-05
6,10,,2024-01-06
7,1,4.0,2024-01-07
8,8,5.0,2024-01-08
9,3,2.0,2024-01-09
10,2,4.0,2024-01-10
11,6,2.0,2024-01-11
12,11,4.0,2024-01-12
13,,4.0,2024-01-13
14,9,3.0,2024-01-14
15,8,4.0,2024-01-15
16,9,2.0,2024-01-16
17,6,1.0,2024-01-17
18,2,1.0,2024-01-18
19,10,3.0,2024-01-19
20,5,5.0,2024-01-20
21,6,1.0,fecha-invalida
22,5,3.0,2024-01-22
23,3,4.0,2024-01-23
24,11,2.0,2024-01-24
25,9,4.0,2024-01-25
26,8,2.0,2024-01-26
27,5,5.0,2024-01-27
28,10,3.0,2024-01-28
29,6,3.0,2024-01-29
30,5,1.0,2024-01-30
31,5,3.0,2024-01-31
32,3,5.0,2024-02-01
33,2,1.0,2024-02-02
34,7,4.0,2024-02-03
35,10,3.0,2024-02-04
36,1,4.0,2024-02-05
37,10,4.0,2024-02-06
38,10,3.0,2024-02-07
39,4,2.0,2024-02-08
40,7,4.0,2024-02-09
41,2,,2024-02-10
42,9,3.0,2024-02-11
43,8,1.0,2024-02-12
44,4,4.0,2024-02-13
45,1,4.0,2024-02-14
46,11,1.0,2024-02-15
47,5,4.0,2024-02-16
48,10,3.0,2024-02-17
49,8,4.0,2024-02-18
50,9,1.0,2024-02-19
51,9,1.0,2024-02-20
52,3,3.0,2024-02-21
53,5,1.0,2024-02-22
54,6,2.0,2024-02-23
55,6,4.0,2024-02-24
56,1,1.0,2024-02-25
57,7,4.0,2024-02-26
58,2,1.0,2024-02-27
59,9,1.0,2024-02-28
60,8,3.0,2024-02-29
61,11,4.0,2024-03-01
62,9,1.0,2024-03-02
63,5,2.0,2024-03-03
64,11,5.0,2024-03-04
65,5,5.0,2024-03-05
66,4,3.0,2024-03-06
67,10,3.0,2024-03-07
68,5,2.0,2024-03-08
69,1,4.0,2024-03-09
70,6,3.0,2024-03-10
71,9,2.0,2024-03-11
72,3,1.0,2024-03-12
73,6,1.0,2024-03-13
74,2,5.0,2024-03-14
75,8,3.0,2024-03-15
76,6,3.0,2024-03-16
77,4,3.0,2024-03-17
78,3,4.0,2024-03-18
79,7,1.0,2024-03-19
80,8,1.0,2024-03-20
81,11,2.0,2024-03-21
82,5,3.0,2024-03-22
83,2,4.0,2024-03-23
84,10,3.0,2024-03-24
85,7,3.0,2024-03-25
86,8,5.0,2024-03-26
87,2,1.0,2024-03-27
88,4,3.0,2024-03-28
89,9,3.0,2024-03-29
90,10,3.0,2024-03-30
91,5,5.0,2024-03-31
92,9,2.0,2024-04-01
93,10,5.0,2024-04-02
94,5,2.0,2024-04-03
95,10,3.0,2024-04-04
96,4,3.0,2024-04-05
97,3,5.0,2024-04-06
98,8,3.0,2024-04-07
99,8,2.0,2024-04-08
100,2,1.0,2024-04-09
101,10,2.0,2024-04-10
102,3,5.0,2024-04-11
103,9,1.0,2024-04-12
104,1,5.0,2024-04-13
105,9,3.0,2024-04-14
106,9,1.0,2024-04-15
107,9,2.0,2024-04-16
108,8,3.0,2024-04-17
109,6,2.0,2024-04-18
110,8,1.0,2024-04-19
111,4,4.0,2024-04-20
112,9,4.0,2024-04-21
113,7,1.0,2024-04-22
114,6,2.0,2024-04-23
115,6,2.0,2024-04-24
116,7,4.0,2024-04-25
117,1,4.0,2024-04-26
118,2,4.0,2024-04-27
119,3,5.0,2024-04-28
120,2,4.0,2024-04-29
121,5,2.0,2024-04-30
122,8,1.0,2024-05-01
123,8,4.0,2024-05-02
124,6,5.0,2024-05-03
125,10,5.0,2024-05-04
126,7,2.0,2024-05-05
127,1,2.0,2024-05-06
128,9,1.0,2024-05-07
129,7,1.0,2024-05-08
130,7,3.0,2024-05-09
131,7,3.0,2024-05-10
132,7,2.0,2024-05-11
133,1,2.0,2024-05-12
134,7,5.0,2024-05-13
135,9,3.0,2024-05-14
136,4,5.0,2024-05-15
137,7,5.0,2024-05-16
138,1,2.0,2024-05-17
139,4,2.0,2024-05-18
140,5,5.0,2024-05-19
141,11,4.0,2024-05-20
142,3,2.0,2024-05-21
143,4,4.0,2024-05-22
144,5,3.0,2024-05-23
145,11,5.0,2024-05-24
146,10,2.0,2024-05-25
147,1,5.0,2024-05-26
148,3,5.0,2024-05-27
149,10,1.0,2024-05-28
150,1,1.0,2024-05-29
151,10,3.0,2024-05-30
152,4,1.0,2024-05-31
153,11,2.0,2024-06-01
154,4,3.0,2024-06-02
155,5,5.0,2024-06-03
156,8,5.0,2024-06-04
157,2,1.0,2024-06-05
158,7,5.0,2024-06-06
159,6,1.0,2024-06-07
160,9,4.0,2024-06-08
161,11,5.0,2024-06-09
162,8,5.0,2024-06-10
163,5,2.0,2024-06-11
164,5,5.0,2024-06-12
165,5,1.0,2024-06-13
166,9,3.0,2024-06-14
167,4,3.0,2024-06-15
168,2,2.0,2024-06-16
169,4,1.0,2024-06-17
170,1,4.0,2024-06-18
171,2,2.0,2024-06-19
172,1,4.0,2024-06-20
173,9,3.0,2024-06-21
174,8,2.0,2024-06-22
175,8,5.0,2024-06-23
176,6,1.0,2024-06-24
177,8,4.0,2024-06-25
178,2,4.0,2024-06-26
179,10,2.0,2024-06-27
180,6,2.0,2024-06-28
181,11,1.0,2024-06-29
182,2,5.0,2024-06-30
183,6,5.0,2024-07-01
184,8,2.0,2024-07-02
185,6,1.0,2024-07-03
186,5,1.0,2024-07-04
187,2,1.0,2024-07-05
188,5,5.0,2024-07-06
189,3,5.0,2024-07-07
190,4,1.0,2024-07-08
191,8,4.0,2024-07-09
192,7,1.0,2024-07-10
193,7,2.0,2024-07-11
194,4,3.0,2024-07-12
195,11,4.0,2024-07-13
196,1,5.0,2024-07-14
197,4,1.0,2024-07-15
198,2,1.0,2024-07-16
199,4,2.0,2024-07-17
200,11,2.0,2024-07-18
